group,label,path,pc1,pc2
bird_reference,bird_seg000,/home/shruti/rave-biophilic-sound-engine/data/test/reference_eval/birds/bird_seg000.wav,6.27946730819344,-0.2239707192220165
bird_reference,bird_seg001,/home/shruti/rave-biophilic-sound-engine/data/test/reference_eval/birds/bird_seg001.wav,4.94937360830405,-0.6064007211717198
bird_reference,bird_seg002,/home/shruti/rave-biophilic-sound-engine/data/test/reference_eval/birds/bird_seg002.wav,5.125600666914584,-0.7165734407042681
bird_reference,bird_seg003,/home/shruti/rave-biophilic-sound-engine/data/test/reference_eval/birds/bird_seg003.wav,4.878608431317875,-0.11745804814837968
bird_reference,bird_seg004,/home/shruti/rave-biophilic-sound-engine/data/test/reference_eval/birds/bird_seg004.wav,5.945504962685486,-0.4883461662688235
bird_reference,bird_seg005,/home/shruti/rave-biophilic-sound-engine/data/test/reference_eval/birds/bird_seg005.wav,6.241727169381463,-0.3110256656166491
bird_reference,bird_seg006,/home/shruti/rave-biophilic-sound-engine/data/test/reference_eval/birds/bird_seg006.wav,3.844026242599463,-1.2114394776386033
bird_reference,bird_seg007,/home/shruti/rave-biophilic-sound-engine/data/test/reference_eval/birds/bird_seg007.wav,4.325824345153691,-0.7732099207784451
bird_reference,bird_seg008,/home/shruti/rave-biophilic-sound-engine/data/test/reference_eval/birds/bird_seg008.wav,5.067370577782078,-0.34908207826069676
bird_reference,bird_seg009,/home/shruti/rave-biophilic-sound-engine/data/test/reference_eval/birds/bird_seg009.wav,4.709847238186893,-0.6807677092763077
bird_reference,bird_seg010,/home/shruti/rave-biophilic-sound-engine/data/test/reference_eval/birds/bird_seg010.wav,6.205138508643157,-0.6978278154002435
bird_reference,bird_seg011,/home/shruti/rave-biophilic-sound-engine/data/test/reference_eval/birds/bird_seg011.wav,4.258082858325956,-0.9867408707764934
bird_reference,bird_seg012,/home/shruti/rave-biophilic-sound-engine/data/test/reference_eval/birds/bird_seg012.wav,5.979654977721068,-0.5445635681963961
bird_reference,bird_seg013,/home/shruti/rave-biophilic-sound-engine/data/test/reference_eval/birds/bird_seg013.wav,6.314918821539853,-0.29747537444497657
bird_reference,bird_seg014,/home/shruti/rave-biophilic-sound-engine/data/test/reference_eval/birds/bird_seg014.wav,3.911730366217286,-1.3005336044186606
bird_reference,bird_seg015,/home/shruti/rave-biophilic-sound-engine/data/test/reference_eval/birds/bird_seg015.wav,5.031851849051324,-0.9709914359846762
bird_reference,bird_seg016,/home/shruti/rave-biophilic-sound-engine/data/test/reference_eval/birds/bird_seg016.wav,5.304403479404581,-0.5669070527949645
bird_reference,bird_seg017,/home/shruti/rave-biophilic-sound-engine/data/test/reference_eval/birds/bird_seg017.wav,5.228837792851026,-0.621938723087804
bird_reference,bird_seg018,/home/shruti/rave-biophilic-sound-engine/data/test/reference_eval/birds/bird_seg018.wav,5.659083765176814,-0.6619080892082596
bird_reference,bird_seg019,/home/shruti/rave-biophilic-sound-engine/data/test/reference_eval/birds/bird_seg019.wav,4.640488739718836,-0.7987632144228458
bird_reference,bird_seg020,/home/shruti/rave-biophilic-sound-engine/data/test/reference_eval/birds/bird_seg020.wav,4.932473634425048,-0.969307987158127
bird_reference,bird_seg021,/home/shruti/rave-biophilic-sound-engine/data/test/reference_eval/birds/bird_seg021.wav,4.995005478680925,-1.149192308076881
bird_reference,bird_seg022,/home/shruti/rave-biophilic-sound-engine/data/test/reference_eval/birds/bird_seg022.wav,4.9994121533654665,-1.0054802674787784
bird_reference,bird_seg023,/home/shruti/rave-biophilic-sound-engine/data/test/reference_eval/birds/bird_seg023.wav,3.4365232290122205,-1.3106803221823025
bird_reference,bird_seg024,/home/shruti/rave-biophilic-sound-engine/data/test/reference_eval/birds/bird_seg024.wav,5.196831299099665,-0.734779327692544
bird_reference,bird_seg025,/home/shruti/rave-biophilic-sound-engine/data/test/reference_eval/birds/bird_seg025.wav,3.9258166168094037,-1.1479273648277915
bird_reference,bird_seg026,/home/shruti/rave-biophilic-sound-engine/data/test/reference_eval/birds/bird_seg026.wav,5.397096730154644,-0.570335665801613
bird_reference,bird_seg027,/home/shruti/rave-biophilic-sound-engine/data/test/reference_eval/birds/bird_seg027.wav,3.363469196118188,-1.1381133235566117
bird_reference,bird_seg028,/home/shruti/rave-biophilic-sound-engine/data/test/reference_eval/birds/bird_seg028.wav,5.2101277977632,-0.8561644040628713
bird_reference,bird_seg029,/home/shruti/rave-biophilic-sound-engine/data/test/reference_eval/birds/bird_seg029.wav,5.094377591792493,-0.7019296347741746
bird_reference,bird_seg030,/home/shruti/rave-biophilic-sound-engine/data/test/reference_eval/birds/bird_seg030.wav,5.387698485736531,-0.4943430568474042
bird_reference,bird_seg031,/home/shruti/rave-biophilic-sound-engine/data/test/reference_eval/birds/bird_seg031.wav,2.346907352290974,-1.6957342575207028
bird_reference,bird_seg032,/home/shruti/rave-biophilic-sound-engine/data/test/reference_eval/birds/bird_seg032.wav,4.775243306398908,-0.9747476626879381
bird_reference,bird_seg033,/home/shruti/rave-biophilic-sound-engine/data/test/reference_eval/birds/bird_seg033.wav,4.577174453995263,-0.8616923994929281
bird_reference,bird_seg034,/home/shruti/rave-biophilic-sound-engine/data/test/reference_eval/birds/bird_seg034.wav,6.256417252129922,-0.37342762499656923
bird_reference,bird_seg035,/home/shruti/rave-biophilic-sound-engine/data/test/reference_eval/birds/bird_seg035.wav,5.501524305560138,-0.032003330097964515
bird_reference,bird_seg036,/home/shruti/rave-biophilic-sound-engine/data/test/reference_eval/birds/bird_seg036.wav,5.202743057349664,-0.6397932863844433
bird_reference,bird_seg037,/home/shruti/rave-biophilic-sound-engine/data/test/reference_eval/birds/bird_seg037.wav,4.402997173334536,-0.5242450407590514
bird_reference,bird_seg038,/home/shruti/rave-biophilic-sound-engine/data/test/reference_eval/birds/bird_seg038.wav,5.599984713259293,-0.4428756646739734
bird_reference,bird_seg039,/home/shruti/rave-biophilic-sound-engine/data/test/reference_eval/birds/bird_seg039.wav,3.7072613922770308,-1.2707000847193382
bird_reference,bird_seg040,/home/shruti/rave-biophilic-sound-engine/data/test/reference_eval/birds/bird_seg040.wav,5.582064599955946,-0.24922320829235786
bird_reference,bird_seg041,/home/shruti/rave-biophilic-sound-engine/data/test/reference_eval/birds/bird_seg041.wav,4.474285356683468,-0.7037115166640798
bird_reference,bird_seg042,/home/shruti/rave-biophilic-sound-engine/data/test/reference_eval/birds/bird_seg042.wav,7.732531968366313,0.7613212446034265
bird_reference,bird_seg043,/home/shruti/rave-biophilic-sound-engine/data/test/reference_eval/birds/bird_seg043.wav,3.9890978617338657,-0.8373478960932291
bird_reference,bird_seg044,/home/shruti/rave-biophilic-sound-engine/data/test/reference_eval/birds/bird_seg044.wav,4.408479927604831,-0.17067942056962632
bird_reference,bird_seg045,/home/shruti/rave-biophilic-sound-engine/data/test/reference_eval/birds/bird_seg045.wav,6.848320217621861,0.5992192274673374
bird_reference,bird_seg046,/home/shruti/rave-biophilic-sound-engine/data/test/reference_eval/birds/bird_seg046.wav,4.985266028385855,-0.5269892992015935
bird_reference,bird_seg047,/home/shruti/rave-biophilic-sound-engine/data/test/reference_eval/birds/bird_seg047.wav,4.801781854301989,-0.8013954994393613
bird_reference,bird_seg048,/home/shruti/rave-biophilic-sound-engine/data/test/reference_eval/birds/bird_seg048.wav,6.703000470313275,-0.3278084826969465
bird_reference,bird_seg049,/home/shruti/rave-biophilic-sound-engine/data/test/reference_eval/birds/bird_seg049.wav,4.500757478796088,-0.7589142462376768
bird_reference,bird_seg050,/home/shruti/rave-biophilic-sound-engine/data/test/reference_eval/birds/bird_seg050.wav,5.119929494905847,-0.8248123981942677
bird_reference,bird_seg051,/home/shruti/rave-biophilic-sound-engine/data/test/reference_eval/birds/bird_seg051.wav,8.1649914508856,-2.237267981065036
bird_reference,bird_seg052,/home/shruti/rave-biophilic-sound-engine/data/test/reference_eval/birds/bird_seg052.wav,5.5442162550272664,-0.5469341334120222
bird_reference,bird_seg053,/home/shruti/rave-biophilic-sound-engine/data/test/reference_eval/birds/bird_seg053.wav,6.225431694266345,-0.20379646773483784
bird_reference,bird_seg054,/home/shruti/rave-biophilic-sound-engine/data/test/reference_eval/birds/bird_seg054.wav,5.95806420575419,-0.45930063544926475
bird_reference,bird_seg055,/home/shruti/rave-biophilic-sound-engine/data/test/reference_eval/birds/bird_seg055.wav,5.189195968246409,-1.1518646977136338
bird_reference,bird_seg056,/home/shruti/rave-biophilic-sound-engine/data/test/reference_eval/birds/bird_seg056.wav,5.698009631404236,-0.7896795312850172
bird_reference,bird_seg057,/home/shruti/rave-biophilic-sound-engine/data/test/reference_eval/birds/bird_seg057.wav,6.993635448991829,-0.23525172422982565
bird_reference,bird_seg058,/home/shruti/rave-biophilic-sound-engine/data/test/reference_eval/birds/bird_seg058.wav,5.2470636514905555,-1.1671542481882333
bird_reference,bird_seg059,/home/shruti/rave-biophilic-sound-engine/data/test/reference_eval/birds/bird_seg059.wav,4.795883520882372,-1.1442210062278877
bird_reference,bird_seg060,/home/shruti/rave-biophilic-sound-engine/data/test/reference_eval/birds/bird_seg060.wav,5.141517234289311,-0.8974380303768178
bird_reference,bird_seg061,/home/shruti/rave-biophilic-sound-engine/data/test/reference_eval/birds/bird_seg061.wav,3.524605733995269,-1.81192885521148
bird_reference,bird_seg062,/home/shruti/rave-biophilic-sound-engine/data/test/reference_eval/birds/bird_seg062.wav,3.8268413529566625,-1.1622895335274976
bird_reference,bird_seg063,/home/shruti/rave-biophilic-sound-engine/data/test/reference_eval/birds/bird_seg063.wav,5.763672534948859,-0.08752276947543158
bird_reference,bird_seg064,/home/shruti/rave-biophilic-sound-engine/data/test/reference_eval/birds/bird_seg064.wav,3.5646583599226833,-1.2054283258916039
bird_reference,bird_seg065,/home/shruti/rave-biophilic-sound-engine/data/test/reference_eval/birds/bird_seg065.wav,4.721565649431167,-0.523629144200952
bird_reference,bird_seg066,/home/shruti/rave-biophilic-sound-engine/data/test/reference_eval/birds/bird_seg066.wav,4.3780927804232785,-0.9484553769038271
bird_reference,bird_seg067,/home/shruti/rave-biophilic-sound-engine/data/test/reference_eval/birds/bird_seg067.wav,2.549990624990465,-1.5817636695911432
bird_reference,bird_seg068,/home/shruti/rave-biophilic-sound-engine/data/test/reference_eval/birds/bird_seg068.wav,3.5717346630002376,-0.6965076504503551
bird_reference,bird_seg069,/home/shruti/rave-biophilic-sound-engine/data/test/reference_eval/birds/bird_seg069.wav,3.3036800868334915,-1.2345486261450023
bird_reference,bird_seg070,/home/shruti/rave-biophilic-sound-engine/data/test/reference_eval/birds/bird_seg070.wav,7.412277750803864,0.10365090660730442
bird_reference,bird_seg071,/home/shruti/rave-biophilic-sound-engine/data/test/reference_eval/birds/bird_seg071.wav,2.738415558431879,-1.4552533447226308
bird_reference,bird_seg072,/home/shruti/rave-biophilic-sound-engine/data/test/reference_eval/birds/bird_seg072.wav,4.352315340556502,-0.9072313293364432
bird_reference,bird_seg073,/home/shruti/rave-biophilic-sound-engine/data/test/reference_eval/birds/bird_seg073.wav,3.7240154252009594,-0.6811407828034746
bird_reference,bird_seg074,/home/shruti/rave-biophilic-sound-engine/data/test/reference_eval/birds/bird_seg074.wav,4.181883860524261,-1.059148024885138
bird_reference,bird_seg075,/home/shruti/rave-biophilic-sound-engine/data/test/reference_eval/birds/bird_seg075.wav,2.4850482289589455,-1.5837707757330126
bird_reference,bird_seg076,/home/shruti/rave-biophilic-sound-engine/data/test/reference_eval/birds/bird_seg076.wav,4.454871251116072,-1.1417795250269456
bird_reference,bird_seg077,/home/shruti/rave-biophilic-sound-engine/data/test/reference_eval/birds/bird_seg077.wav,4.150018800922748,-0.9293153406192024
bird_reference,bird_seg078,/home/shruti/rave-biophilic-sound-engine/data/test/reference_eval/birds/bird_seg078.wav,6.661946017795983,0.34535574010753894
bird_reference,bird_seg079,/home/shruti/rave-biophilic-sound-engine/data/test/reference_eval/birds/bird_seg079.wav,5.527348467881707,0.02897777752238537
bird_reference,bird_seg080,/home/shruti/rave-biophilic-sound-engine/data/test/reference_eval/birds/bird_seg080.wav,7.677254098521415,0.030078680285098185
bird_reference,bird_seg081,/home/shruti/rave-biophilic-sound-engine/data/test/reference_eval/birds/bird_seg081.wav,5.218542501622355,-0.7878795145604215
bird_reference,bird_seg082,/home/shruti/rave-biophilic-sound-engine/data/test/reference_eval/birds/bird_seg082.wav,4.478372979833844,-0.8303560779551333
bird_reference,bird_seg083,/home/shruti/rave-biophilic-sound-engine/data/test/reference_eval/birds/bird_seg083.wav,5.422770833300707,-0.5644726795990658
bird_reference,bird_seg084,/home/shruti/rave-biophilic-sound-engine/data/test/reference_eval/birds/bird_seg084.wav,6.673791297656532,-0.10539314328040851
bird_reference,bird_seg085,/home/shruti/rave-biophilic-sound-engine/data/test/reference_eval/birds/bird_seg085.wav,3.1011051014335838,-0.970605460893224
bird_reference,bird_seg086,/home/shruti/rave-biophilic-sound-engine/data/test/reference_eval/birds/bird_seg086.wav,5.284542842431328,-0.3391441241934185
bird_reference,bird_seg087,/home/shruti/rave-biophilic-sound-engine/data/test/reference_eval/birds/bird_seg087.wav,5.33980782020387,-0.37570609768135027
bird_reference,bird_seg088,/home/shruti/rave-biophilic-sound-engine/data/test/reference_eval/birds/bird_seg088.wav,3.5620765574267272,-1.1007969863652984
bird_reference,bird_seg089,/home/shruti/rave-biophilic-sound-engine/data/test/reference_eval/birds/bird_seg089.wav,6.618237715968077,-0.027418794242980025
bird_reference,bird_seg090,/home/shruti/rave-biophilic-sound-engine/data/test/reference_eval/birds/bird_seg090.wav,7.8764176292677615,0.6720539527751171
bird_reference,bird_seg091,/home/shruti/rave-biophilic-sound-engine/data/test/reference_eval/birds/bird_seg091.wav,5.106797700817548,-0.548010454808183
bird_reference,bird_seg092,/home/shruti/rave-biophilic-sound-engine/data/test/reference_eval/birds/bird_seg092.wav,5.747093590943234,-0.2771714358342342
bird_reference,bird_seg093,/home/shruti/rave-biophilic-sound-engine/data/test/reference_eval/birds/bird_seg093.wav,6.387349174636385,-0.17233074505025908
bird_reference,bird_seg094,/home/shruti/rave-biophilic-sound-engine/data/test/reference_eval/birds/bird_seg094.wav,6.139858153242735,-0.5704836481534071
bird_reference,bird_seg095,/home/shruti/rave-biophilic-sound-engine/data/test/reference_eval/birds/bird_seg095.wav,6.655575215331516,-0.36829622024760733
bird_reference,bird_seg096,/home/shruti/rave-biophilic-sound-engine/data/test/reference_eval/birds/bird_seg096.wav,6.338466590082501,0.1418132092075282
bird_reference,bird_seg097,/home/shruti/rave-biophilic-sound-engine/data/test/reference_eval/birds/bird_seg097.wav,5.267684924021521,-0.6211836635043317
bird_reference,bird_seg098,/home/shruti/rave-biophilic-sound-engine/data/test/reference_eval/birds/bird_seg098.wav,6.359491026933378,-0.36284191355030315
bird_reference,bird_seg099,/home/shruti/rave-biophilic-sound-engine/data/test/reference_eval/birds/bird_seg099.wav,5.117426938855216,-0.5595956770894973
bird_reference,bird_seg100,/home/shruti/rave-biophilic-sound-engine/data/test/reference_eval/birds/bird_seg100.wav,4.909844577973522,-0.8634826993620519
bird_reference,bird_seg101,/home/shruti/rave-biophilic-sound-engine/data/test/reference_eval/birds/bird_seg101.wav,8.354038094593571,0.45997325878904227
bird_reference,bird_seg102,/home/shruti/rave-biophilic-sound-engine/data/test/reference_eval/birds/bird_seg102.wav,3.3215386777195604,-1.4539548127455824
bird_reference,bird_seg103,/home/shruti/rave-biophilic-sound-engine/data/test/reference_eval/birds/bird_seg103.wav,5.332043563174639,-0.8748658847467009
bird_reference,bird_seg104,/home/shruti/rave-biophilic-sound-engine/data/test/reference_eval/birds/bird_seg104.wav,5.843209741084035,-0.4974764128578866
bird_reference,bird_seg105,/home/shruti/rave-biophilic-sound-engine/data/test/reference_eval/birds/bird_seg105.wav,5.656814719625804,-0.32143220379385495
bird_reference,bird_seg106,/home/shruti/rave-biophilic-sound-engine/data/test/reference_eval/birds/bird_seg106.wav,4.492007994978289,-1.0072767866392425
bird_reference,bird_seg107,/home/shruti/rave-biophilic-sound-engine/data/test/reference_eval/birds/bird_seg107.wav,5.417751882399013,-0.36088375806994905
bird_reference,bird_seg108,/home/shruti/rave-biophilic-sound-engine/data/test/reference_eval/birds/bird_seg108.wav,5.825643392170725,-0.4878145073219868
bird_reference,bird_seg109,/home/shruti/rave-biophilic-sound-engine/data/test/reference_eval/birds/bird_seg109.wav,5.820571589194035,-0.3016480795855308
bird_reference,bird_seg110,/home/shruti/rave-biophilic-sound-engine/data/test/reference_eval/birds/bird_seg110.wav,4.583920249090303,-0.9220289261937039
bird_reference,bird_seg111,/home/shruti/rave-biophilic-sound-engine/data/test/reference_eval/birds/bird_seg111.wav,5.157820677118182,-0.6996469766154697
bird_reference,bird_seg112,/home/shruti/rave-biophilic-sound-engine/data/test/reference_eval/birds/bird_seg112.wav,5.6279192793493245,-0.49641848802099897
bird_reference,bird_seg113,/home/shruti/rave-biophilic-sound-engine/data/test/reference_eval/birds/bird_seg113.wav,5.312283560556777,-0.3312337607918107
bird_reference,bird_seg114,/home/shruti/rave-biophilic-sound-engine/data/test/reference_eval/birds/bird_seg114.wav,7.213059301799442,0.7175304418083313
bird_reference,bird_seg115,/home/shruti/rave-biophilic-sound-engine/data/test/reference_eval/birds/bird_seg115.wav,5.773375529360682,-0.8261204334839247
bird_reference,bird_seg116,/home/shruti/rave-biophilic-sound-engine/data/test/reference_eval/birds/bird_seg116.wav,5.025780153413844,-1.2514609910196888
bird_reference,bird_seg117,/home/shruti/rave-biophilic-sound-engine/data/test/reference_eval/birds/bird_seg117.wav,5.006237947678992,-0.9730457495836261
office_input,office_ambient_talking_2_seg000,/home/shruti/rave-biophilic-sound-engine/data/test/input_eval/office_ambient_talking_2_seg000.wav,-1.6322572416495618,1.6592919436041111
birds_dawnchorus_b2048_r48000_z8,office_ambient_talking_2_seg000__birds_dawnchorus_b2048_r48000_z8,/home/shruti/rave-biophilic-sound-engine/data/test/transformed_eval/birds_dawnchorus_b2048_r48000_z8/office_ambient_talking_2_seg000__birds_dawnchorus_b2048_r48000_z8.wav,-0.3822041605962068,0.9063257832437279
office_input,office_ambient_talking_2_seg001,/home/shruti/rave-biophilic-sound-engine/data/test/input_eval/office_ambient_talking_2_seg001.wav,-1.7768315249811597,-2.2984586311953192
birds_dawnchorus_b2048_r48000_z8,office_ambient_talking_2_seg001__birds_dawnchorus_b2048_r48000_z8,/home/shruti/rave-biophilic-sound-engine/data/test/transformed_eval/birds_dawnchorus_b2048_r48000_z8/office_ambient_talking_2_seg001__birds_dawnchorus_b2048_r48000_z8.wav,-2.0527675317585996,-0.5381123957367213
office_input,office_ambient_talking_2_seg002,/home/shruti/rave-biophilic-sound-engine/data/test/input_eval/office_ambient_talking_2_seg002.wav,-11.145409667078976,-10.355542827270918
birds_dawnchorus_b2048_r48000_z8,office_ambient_talking_2_seg002__birds_dawnchorus_b2048_r48000_z8,/home/shruti/rave-biophilic-sound-engine/data/test/transformed_eval/birds_dawnchorus_b2048_r48000_z8/office_ambient_talking_2_seg002__birds_dawnchorus_b2048_r48000_z8.wav,-5.024696896689696,-1.31742425993812
office_input,office_ambient_talking_2_seg003,/home/shruti/rave-biophilic-sound-engine/data/test/input_eval/office_ambient_talking_2_seg003.wav,-11.145409667078976,-10.355542827270918
birds_dawnchorus_b2048_r48000_z8,office_ambient_talking_2_seg003__birds_dawnchorus_b2048_r48000_z8,/home/shruti/rave-biophilic-sound-engine/data/test/transformed_eval/birds_dawnchorus_b2048_r48000_z8/office_ambient_talking_2_seg003__birds_dawnchorus_b2048_r48000_z8.wav,-4.918718760641273,-1.3772455953138465
office_input,office_ambient_talking_2_seg004,/home/shruti/rave-biophilic-sound-engine/data/test/input_eval/office_ambient_talking_2_seg004.wav,-11.145409667078976,-10.355542827270918
birds_dawnchorus_b2048_r48000_z8,office_ambient_talking_2_seg004__birds_dawnchorus_b2048_r48000_z8,/home/shruti/rave-biophilic-sound-engine/data/test/transformed_eval/birds_dawnchorus_b2048_r48000_z8/office_ambient_talking_2_seg004__birds_dawnchorus_b2048_r48000_z8.wav,-4.8472487528055295,-1.2942229161070529
office_input,office_ambient_talking_2_seg005,/home/shruti/rave-biophilic-sound-engine/data/test/input_eval/office_ambient_talking_2_seg005.wav,-11.145409667078976,-10.355542827270918
birds_dawnchorus_b2048_r48000_z8,office_ambient_talking_2_seg005__birds_dawnchorus_b2048_r48000_z8,/home/shruti/rave-biophilic-sound-engine/data/test/transformed_eval/birds_dawnchorus_b2048_r48000_z8/office_ambient_talking_2_seg005__birds_dawnchorus_b2048_r48000_z8.wav,-4.924731360543792,-1.4677160800115212
office_input,office_ambient_talking_seg000,/home/shruti/rave-biophilic-sound-engine/data/test/input_eval/office_ambient_talking_seg000.wav,-5.504092802673409,-0.9432434493829556
birds_dawnchorus_b2048_r48000_z8,office_ambient_talking_seg000__birds_dawnchorus_b2048_r48000_z8,/home/shruti/rave-biophilic-sound-engine/data/test/transformed_eval/birds_dawnchorus_b2048_r48000_z8/office_ambient_talking_seg000__birds_dawnchorus_b2048_r48000_z8.wav,-6.127150358827143,-0.9038367242078937
office_input,office_ambient_talking_seg001,/home/shruti/rave-biophilic-sound-engine/data/test/input_eval/office_ambient_talking_seg001.wav,-4.7274735737668685,-0.5273931038719771
birds_dawnchorus_b2048_r48000_z8,office_ambient_talking_seg001__birds_dawnchorus_b2048_r48000_z8,/home/shruti/rave-biophilic-sound-engine/data/test/transformed_eval/birds_dawnchorus_b2048_r48000_z8/office_ambient_talking_seg001__birds_dawnchorus_b2048_r48000_z8.wav,-5.418489680905256,-0.8765300988662518
office_input,office_ambient_talking_seg002,/home/shruti/rave-biophilic-sound-engine/data/test/input_eval/office_ambient_talking_seg002.wav,-5.287408671375772,-0.8461907496168171
birds_dawnchorus_b2048_r48000_z8,office_ambient_talking_seg002__birds_dawnchorus_b2048_r48000_z8,/home/shruti/rave-biophilic-sound-engine/data/test/transformed_eval/birds_dawnchorus_b2048_r48000_z8/office_ambient_talking_seg002__birds_dawnchorus_b2048_r48000_z8.wav,-6.1248088552060524,-0.8473946296014445
office_input,office_ambient_talking_seg003,/home/shruti/rave-biophilic-sound-engine/data/test/input_eval/office_ambient_talking_seg003.wav,-5.219942882458269,-0.678111992332113
birds_dawnchorus_b2048_r48000_z8,office_ambient_talking_seg003__birds_dawnchorus_b2048_r48000_z8,/home/shruti/rave-biophilic-sound-engine/data/test/transformed_eval/birds_dawnchorus_b2048_r48000_z8/office_ambient_talking_seg003__birds_dawnchorus_b2048_r48000_z8.wav,-5.820528419298542,-1.0130640495307914
office_input,office_ambient_talking_seg004,/home/shruti/rave-biophilic-sound-engine/data/test/input_eval/office_ambient_talking_seg004.wav,-5.203965011464233,-0.6324157195971554
birds_dawnchorus_b2048_r48000_z8,office_ambient_talking_seg004__birds_dawnchorus_b2048_r48000_z8,/home/shruti/rave-biophilic-sound-engine/data/test/transformed_eval/birds_dawnchorus_b2048_r48000_z8/office_ambient_talking_seg004__birds_dawnchorus_b2048_r48000_z8.wav,-5.300726171394808,-0.7315898641695725
office_input,office_ambient_talking_seg005,/home/shruti/rave-biophilic-sound-engine/data/test/input_eval/office_ambient_talking_seg005.wav,-4.13529103474311,0.14329249356406823
birds_dawnchorus_b2048_r48000_z8,office_ambient_talking_seg005__birds_dawnchorus_b2048_r48000_z8,/home/shruti/rave-biophilic-sound-engine/data/test/transformed_eval/birds_dawnchorus_b2048_r48000_z8/office_ambient_talking_seg005__birds_dawnchorus_b2048_r48000_z8.wav,-4.17803192685175,-0.2939666111541648
office_input,office_keyboard_seg000,/home/shruti/rave-biophilic-sound-engine/data/test/input_eval/office_keyboard_seg000.wav,-1.130676457457653,2.485396018531301
birds_dawnchorus_b2048_r48000_z8,office_keyboard_seg000__birds_dawnchorus_b2048_r48000_z8,/home/shruti/rave-biophilic-sound-engine/data/test/transformed_eval/birds_dawnchorus_b2048_r48000_z8/office_keyboard_seg000__birds_dawnchorus_b2048_r48000_z8.wav,-1.2633028526705625,0.9814174842315316
office_input,office_keyboard_seg001,/home/shruti/rave-biophilic-sound-engine/data/test/input_eval/office_keyboard_seg001.wav,-1.2615862590989786,1.1636025823863778
birds_dawnchorus_b2048_r48000_z8,office_keyboard_seg001__birds_dawnchorus_b2048_r48000_z8,/home/shruti/rave-biophilic-sound-engine/data/test/transformed_eval/birds_dawnchorus_b2048_r48000_z8/office_keyboard_seg001__birds_dawnchorus_b2048_r48000_z8.wav,-1.4535483137158267,0.23645528286352074
office_input,office_keyboard_seg002,/home/shruti/rave-biophilic-sound-engine/data/test/input_eval/office_keyboard_seg002.wav,-3.964340430307909,-0.0900992783204513
birds_dawnchorus_b2048_r48000_z8,office_keyboard_seg002__birds_dawnchorus_b2048_r48000_z8,/home/shruti/rave-biophilic-sound-engine/data/test/transformed_eval/birds_dawnchorus_b2048_r48000_z8/office_keyboard_seg002__birds_dawnchorus_b2048_r48000_z8.wav,-4.260755963191765,-0.7990437199595507
office_input,office_keyboard_seg003,/home/shruti/rave-biophilic-sound-engine/data/test/input_eval/office_keyboard_seg003.wav,-6.1677900262588325,-0.5449191009798554
birds_dawnchorus_b2048_r48000_z8,office_keyboard_seg003__birds_dawnchorus_b2048_r48000_z8,/home/shruti/rave-biophilic-sound-engine/data/test/transformed_eval/birds_dawnchorus_b2048_r48000_z8/office_keyboard_seg003__birds_dawnchorus_b2048_r48000_z8.wav,-5.873869889925451,-0.8245038522094494
office_input,office_keyboard_seg004,/home/shruti/rave-biophilic-sound-engine/data/test/input_eval/office_keyboard_seg004.wav,-5.858072228175982,-0.23180999862406898
birds_dawnchorus_b2048_r48000_z8,office_keyboard_seg004__birds_dawnchorus_b2048_r48000_z8,/home/shruti/rave-biophilic-sound-engine/data/test/transformed_eval/birds_dawnchorus_b2048_r48000_z8/office_keyboard_seg004__birds_dawnchorus_b2048_r48000_z8.wav,-5.2175241050531,-0.7408511002336042
office_input,office_keyboard_seg005,/home/shruti/rave-biophilic-sound-engine/data/test/input_eval/office_keyboard_seg005.wav,-6.731213237416221,-0.9860668146806457
birds_dawnchorus_b2048_r48000_z8,office_keyboard_seg005__birds_dawnchorus_b2048_r48000_z8,/home/shruti/rave-biophilic-sound-engine/data/test/transformed_eval/birds_dawnchorus_b2048_r48000_z8/office_keyboard_seg005__birds_dawnchorus_b2048_r48000_z8.wav,-6.21479640517239,-0.8986885122744122
office_input,office_quiet_clicking_seg000,/home/shruti/rave-biophilic-sound-engine/data/test/input_eval/office_quiet_clicking_seg000.wav,-6.326984183685208,-0.826737308933273
birds_dawnchorus_b2048_r48000_z8,office_quiet_clicking_seg000__birds_dawnchorus_b2048_r48000_z8,/home/shruti/rave-biophilic-sound-engine/data/test/transformed_eval/birds_dawnchorus_b2048_r48000_z8/office_quiet_clicking_seg000__birds_dawnchorus_b2048_r48000_z8.wav,-6.100724393284891,-0.7643199230407604
office_input,office_quiet_clicking_seg001,/home/shruti/rave-biophilic-sound-engine/data/test/input_eval/office_quiet_clicking_seg001.wav,-6.5540543978876,-1.0041792657914876
birds_dawnchorus_b2048_r48000_z8,office_quiet_clicking_seg001__birds_dawnchorus_b2048_r48000_z8,/home/shruti/rave-biophilic-sound-engine/data/test/transformed_eval/birds_dawnchorus_b2048_r48000_z8/office_quiet_clicking_seg001__birds_dawnchorus_b2048_r48000_z8.wav,-6.3100245222872475,-0.8017246940702537
office_input,office_quiet_clicking_seg002,/home/shruti/rave-biophilic-sound-engine/data/test/input_eval/office_quiet_clicking_seg002.wav,-5.925306845906311,-0.7208490577468694
birds_dawnchorus_b2048_r48000_z8,office_quiet_clicking_seg002__birds_dawnchorus_b2048_r48000_z8,/home/shruti/rave-biophilic-sound-engine/data/test/transformed_eval/birds_dawnchorus_b2048_r48000_z8/office_quiet_clicking_seg002__birds_dawnchorus_b2048_r48000_z8.wav,-5.995395069528089,-0.6720651022713846
office_input,office_quiet_clicking_seg003,/home/shruti/rave-biophilic-sound-engine/data/test/input_eval/office_quiet_clicking_seg003.wav,-6.403010222307291,-0.17849911457381903
birds_dawnchorus_b2048_r48000_z8,office_quiet_clicking_seg003__birds_dawnchorus_b2048_r48000_z8,/home/shruti/rave-biophilic-sound-engine/data/test/transformed_eval/birds_dawnchorus_b2048_r48000_z8/office_quiet_clicking_seg003__birds_dawnchorus_b2048_r48000_z8.wav,-5.943457163094589,-0.5908793880818308
office_input,office_quiet_clicking_seg004,/home/shruti/rave-biophilic-sound-engine/data/test/input_eval/office_quiet_clicking_seg004.wav,-4.307719919079321,-0.24505804865748007
birds_dawnchorus_b2048_r48000_z8,office_quiet_clicking_seg004__birds_dawnchorus_b2048_r48000_z8,/home/shruti/rave-biophilic-sound-engine/data/test/transformed_eval/birds_dawnchorus_b2048_r48000_z8/office_quiet_clicking_seg004__birds_dawnchorus_b2048_r48000_z8.wav,-4.763414239138664,-0.23243774325683111
office_input,office_quiet_clicking_seg005,/home/shruti/rave-biophilic-sound-engine/data/test/input_eval/office_quiet_clicking_seg005.wav,-4.113101415027421,-0.18716035830683592
birds_dawnchorus_b2048_r48000_z8,office_quiet_clicking_seg005__birds_dawnchorus_b2048_r48000_z8,/home/shruti/rave-biophilic-sound-engine/data/test/transformed_eval/birds_dawnchorus_b2048_r48000_z8/office_quiet_clicking_seg005__birds_dawnchorus_b2048_r48000_z8.wav,-4.468711124991575,-0.33115854955510904
office_input,office_quiet_seg000,/home/shruti/rave-biophilic-sound-engine/data/test/input_eval/office_quiet_seg000.wav,-7.184619563887098,-1.106748201591442
birds_dawnchorus_b2048_r48000_z8,office_quiet_seg000__birds_dawnchorus_b2048_r48000_z8,/home/shruti/rave-biophilic-sound-engine/data/test/transformed_eval/birds_dawnchorus_b2048_r48000_z8/office_quiet_seg000__birds_dawnchorus_b2048_r48000_z8.wav,-6.34375626631139,-1.048295427366281
office_input,office_quiet_seg001,/home/shruti/rave-biophilic-sound-engine/data/test/input_eval/office_quiet_seg001.wav,-7.240598629264818,-1.1728999085672482
birds_dawnchorus_b2048_r48000_z8,office_quiet_seg001__birds_dawnchorus_b2048_r48000_z8,/home/shruti/rave-biophilic-sound-engine/data/test/transformed_eval/birds_dawnchorus_b2048_r48000_z8/office_quiet_seg001__birds_dawnchorus_b2048_r48000_z8.wav,-6.4492779577085315,-1.042092578827469
office_input,office_quiet_seg002,/home/shruti/rave-biophilic-sound-engine/data/test/input_eval/office_quiet_seg002.wav,-7.120894749140839,-0.9518667243248
birds_dawnchorus_b2048_r48000_z8,office_quiet_seg002__birds_dawnchorus_b2048_r48000_z8,/home/shruti/rave-biophilic-sound-engine/data/test/transformed_eval/birds_dawnchorus_b2048_r48000_z8/office_quiet_seg002__birds_dawnchorus_b2048_r48000_z8.wav,-6.4151200104782635,-1.024111440537755
office_input,office_quiet_seg003,/home/shruti/rave-biophilic-sound-engine/data/test/input_eval/office_quiet_seg003.wav,-7.281133474539347,-1.0439674701423158
birds_dawnchorus_b2048_r48000_z8,office_quiet_seg003__birds_dawnchorus_b2048_r48000_z8,/home/shruti/rave-biophilic-sound-engine/data/test/transformed_eval/birds_dawnchorus_b2048_r48000_z8/office_quiet_seg003__birds_dawnchorus_b2048_r48000_z8.wav,-6.422767748379432,-0.9604724996592923
office_input,office_quiet_seg004,/home/shruti/rave-biophilic-sound-engine/data/test/input_eval/office_quiet_seg004.wav,-7.154580187391797,-0.9218577922095403
birds_dawnchorus_b2048_r48000_z8,office_quiet_seg004__birds_dawnchorus_b2048_r48000_z8,/home/shruti/rave-biophilic-sound-engine/data/test/transformed_eval/birds_dawnchorus_b2048_r48000_z8/office_quiet_seg004__birds_dawnchorus_b2048_r48000_z8.wav,-6.384091035624989,-0.8283316261374803
office_input,office_quiet_seg005,/home/shruti/rave-biophilic-sound-engine/data/test/input_eval/office_quiet_seg005.wav,-7.033630832477092,-0.9891791053563841
birds_dawnchorus_b2048_r48000_z8,office_quiet_seg005__birds_dawnchorus_b2048_r48000_z8,/home/shruti/rave-biophilic-sound-engine/data/test/transformed_eval/birds_dawnchorus_b2048_r48000_z8/office_quiet_seg005__birds_dawnchorus_b2048_r48000_z8.wav,-6.421917790142716,-0.981749611680412
office_input,office_talking_seg000,/home/shruti/rave-biophilic-sound-engine/data/test/input_eval/office_talking_seg000.wav,-2.5948244772916116,-0.13298657089568153
birds_dawnchorus_b2048_r48000_z8,office_talking_seg000__birds_dawnchorus_b2048_r48000_z8,/home/shruti/rave-biophilic-sound-engine/data/test/transformed_eval/birds_dawnchorus_b2048_r48000_z8/office_talking_seg000__birds_dawnchorus_b2048_r48000_z8.wav,-2.786777328491426,-0.09684252421125993
office_input,office_talking_seg001,/home/shruti/rave-biophilic-sound-engine/data/test/input_eval/office_talking_seg001.wav,-0.3258598642155942,-0.324749851384141
birds_dawnchorus_b2048_r48000_z8,office_talking_seg001__birds_dawnchorus_b2048_r48000_z8,/home/shruti/rave-biophilic-sound-engine/data/test/transformed_eval/birds_dawnchorus_b2048_r48000_z8/office_talking_seg001__birds_dawnchorus_b2048_r48000_z8.wav,-2.0150927766890114,0.023635784592969007
office_input,office_talking_seg002,/home/shruti/rave-biophilic-sound-engine/data/test/input_eval/office_talking_seg002.wav,-1.1475475606086907,0.3639006806860601
birds_dawnchorus_b2048_r48000_z8,office_talking_seg002__birds_dawnchorus_b2048_r48000_z8,/home/shruti/rave-biophilic-sound-engine/data/test/transformed_eval/birds_dawnchorus_b2048_r48000_z8/office_talking_seg002__birds_dawnchorus_b2048_r48000_z8.wav,-1.0168733155258631,0.2883315493866858
office_input,office_talking_seg003,/home/shruti/rave-biophilic-sound-engine/data/test/input_eval/office_talking_seg003.wav,-1.3246591949771445,1.1163949718648183
birds_dawnchorus_b2048_r48000_z8,office_talking_seg003__birds_dawnchorus_b2048_r48000_z8,/home/shruti/rave-biophilic-sound-engine/data/test/transformed_eval/birds_dawnchorus_b2048_r48000_z8/office_talking_seg003__birds_dawnchorus_b2048_r48000_z8.wav,-0.4092310453688782,0.7004904732174329
office_input,office_talking_seg004,/home/shruti/rave-biophilic-sound-engine/data/test/input_eval/office_talking_seg004.wav,1.4328781560904023,0.4828229267575337
birds_dawnchorus_b2048_r48000_z8,office_talking_seg004__birds_dawnchorus_b2048_r48000_z8,/home/shruti/rave-biophilic-sound-engine/data/test/transformed_eval/birds_dawnchorus_b2048_r48000_z8/office_talking_seg004__birds_dawnchorus_b2048_r48000_z8.wav,-0.8737508528063399,0.5446392588062333
office_input,office_talking_seg005,/home/shruti/rave-biophilic-sound-engine/data/test/input_eval/office_talking_seg005.wav,0.45946534959452495,-1.783904007911571
birds_dawnchorus_b2048_r48000_z8,office_talking_seg005__birds_dawnchorus_b2048_r48000_z8,/home/shruti/rave-biophilic-sound-engine/data/test/transformed_eval/birds_dawnchorus_b2048_r48000_z8/office_talking_seg005__birds_dawnchorus_b2048_r48000_z8.wav,-1.354917072082547,-0.21681993075888895
birds_motherbird_b2048_r48000_z16,office_ambient_talking_2_seg000__birds_motherbird_b2048_r48000_z16,/home/shruti/rave-biophilic-sound-engine/data/test/transformed_eval/birds_motherbird_b2048_r48000_z16/office_ambient_talking_2_seg000__birds_motherbird_b2048_r48000_z16.wav,-0.9002138281120919,3.1669989538988657
birds_motherbird_b2048_r48000_z16,office_ambient_talking_2_seg001__birds_motherbird_b2048_r48000_z16,/home/shruti/rave-biophilic-sound-engine/data/test/transformed_eval/birds_motherbird_b2048_r48000_z16/office_ambient_talking_2_seg001__birds_motherbird_b2048_r48000_z16.wav,-0.08377512855777672,0.8386182624822933
birds_motherbird_b2048_r48000_z16,office_ambient_talking_2_seg002__birds_motherbird_b2048_r48000_z16,/home/shruti/rave-biophilic-sound-engine/data/test/transformed_eval/birds_motherbird_b2048_r48000_z16/office_ambient_talking_2_seg002__birds_motherbird_b2048_r48000_z16.wav,-4.927930229194982,-3.292084909763274
birds_motherbird_b2048_r48000_z16,office_ambient_talking_2_seg003__birds_motherbird_b2048_r48000_z16,/home/shruti/rave-biophilic-sound-engine/data/test/transformed_eval/birds_motherbird_b2048_r48000_z16/office_ambient_talking_2_seg003__birds_motherbird_b2048_r48000_z16.wav,-5.003401461226331,-3.4168890279524677
birds_motherbird_b2048_r48000_z16,office_ambient_talking_2_seg004__birds_motherbird_b2048_r48000_z16,/home/shruti/rave-biophilic-sound-engine/data/test/transformed_eval/birds_motherbird_b2048_r48000_z16/office_ambient_talking_2_seg004__birds_motherbird_b2048_r48000_z16.wav,-4.9160906123861645,-3.2882102875224377
birds_motherbird_b2048_r48000_z16,office_ambient_talking_2_seg005__birds_motherbird_b2048_r48000_z16,/home/shruti/rave-biophilic-sound-engine/data/test/transformed_eval/birds_motherbird_b2048_r48000_z16/office_ambient_talking_2_seg005__birds_motherbird_b2048_r48000_z16.wav,-4.696119353389185,-3.2447874861443786
birds_motherbird_b2048_r48000_z16,office_ambient_talking_seg000__birds_motherbird_b2048_r48000_z16,/home/shruti/rave-biophilic-sound-engine/data/test/transformed_eval/birds_motherbird_b2048_r48000_z16/office_ambient_talking_seg000__birds_motherbird_b2048_r48000_z16.wav,-5.630560479980723,-0.16405022095687727
birds_motherbird_b2048_r48000_z16,office_ambient_talking_seg001__birds_motherbird_b2048_r48000_z16,/home/shruti/rave-biophilic-sound-engine/data/test/transformed_eval/birds_motherbird_b2048_r48000_z16/office_ambient_talking_seg001__birds_motherbird_b2048_r48000_z16.wav,-6.4526735610961445,-0.07728822612040259
birds_motherbird_b2048_r48000_z16,office_ambient_talking_seg002__birds_motherbird_b2048_r48000_z16,/home/shruti/rave-biophilic-sound-engine/data/test/transformed_eval/birds_motherbird_b2048_r48000_z16/office_ambient_talking_seg002__birds_motherbird_b2048_r48000_z16.wav,-6.290539200979765,-0.20901698417452105
birds_motherbird_b2048_r48000_z16,office_ambient_talking_seg003__birds_motherbird_b2048_r48000_z16,/home/shruti/rave-biophilic-sound-engine/data/test/transformed_eval/birds_motherbird_b2048_r48000_z16/office_ambient_talking_seg003__birds_motherbird_b2048_r48000_z16.wav,-6.695682166652968,-0.09311043910950077
birds_motherbird_b2048_r48000_z16,office_ambient_talking_seg004__birds_motherbird_b2048_r48000_z16,/home/shruti/rave-biophilic-sound-engine/data/test/transformed_eval/birds_motherbird_b2048_r48000_z16/office_ambient_talking_seg004__birds_motherbird_b2048_r48000_z16.wav,-6.1122790089918775,-0.14712950068484582
birds_motherbird_b2048_r48000_z16,office_ambient_talking_seg005__birds_motherbird_b2048_r48000_z16,/home/shruti/rave-biophilic-sound-engine/data/test/transformed_eval/birds_motherbird_b2048_r48000_z16/office_ambient_talking_seg005__birds_motherbird_b2048_r48000_z16.wav,-5.32998144950281,0.5363786009062803
birds_motherbird_b2048_r48000_z16,office_keyboard_seg000__birds_motherbird_b2048_r48000_z16,/home/shruti/rave-biophilic-sound-engine/data/test/transformed_eval/birds_motherbird_b2048_r48000_z16/office_keyboard_seg000__birds_motherbird_b2048_r48000_z16.wav,-1.348948819310054,2.180174824272929
birds_motherbird_b2048_r48000_z16,office_keyboard_seg001__birds_motherbird_b2048_r48000_z16,/home/shruti/rave-biophilic-sound-engine/data/test/transformed_eval/birds_motherbird_b2048_r48000_z16/office_keyboard_seg001__birds_motherbird_b2048_r48000_z16.wav,-1.121176088404123,1.8336747480371156
birds_motherbird_b2048_r48000_z16,office_keyboard_seg002__birds_motherbird_b2048_r48000_z16,/home/shruti/rave-biophilic-sound-engine/data/test/transformed_eval/birds_motherbird_b2048_r48000_z16/office_keyboard_seg002__birds_motherbird_b2048_r48000_z16.wav,-3.0922325569359628,0.7978519511388436
birds_motherbird_b2048_r48000_z16,office_keyboard_seg003__birds_motherbird_b2048_r48000_z16,/home/shruti/rave-biophilic-sound-engine/data/test/transformed_eval/birds_motherbird_b2048_r48000_z16/office_keyboard_seg003__birds_motherbird_b2048_r48000_z16.wav,-6.517416476092089,-0.06113563269508412
birds_motherbird_b2048_r48000_z16,office_keyboard_seg004__birds_motherbird_b2048_r48000_z16,/home/shruti/rave-biophilic-sound-engine/data/test/transformed_eval/birds_motherbird_b2048_r48000_z16/office_keyboard_seg004__birds_motherbird_b2048_r48000_z16.wav,-6.371743867830211,0.19338463203860187
birds_motherbird_b2048_r48000_z16,office_keyboard_seg005__birds_motherbird_b2048_r48000_z16,/home/shruti/rave-biophilic-sound-engine/data/test/transformed_eval/birds_motherbird_b2048_r48000_z16/office_keyboard_seg005__birds_motherbird_b2048_r48000_z16.wav,-7.159279016492304,-0.492749344167634
birds_motherbird_b2048_r48000_z16,office_quiet_clicking_seg000__birds_motherbird_b2048_r48000_z16,/home/shruti/rave-biophilic-sound-engine/data/test/transformed_eval/birds_motherbird_b2048_r48000_z16/office_quiet_clicking_seg000__birds_motherbird_b2048_r48000_z16.wav,-6.341575625054579,-0.1320527095838656
birds_motherbird_b2048_r48000_z16,office_quiet_clicking_seg001__birds_motherbird_b2048_r48000_z16,/home/shruti/rave-biophilic-sound-engine/data/test/transformed_eval/birds_motherbird_b2048_r48000_z16/office_quiet_clicking_seg001__birds_motherbird_b2048_r48000_z16.wav,-6.984808466672498,-0.2654441399359137
birds_motherbird_b2048_r48000_z16,office_quiet_clicking_seg002__birds_motherbird_b2048_r48000_z16,/home/shruti/rave-biophilic-sound-engine/data/test/transformed_eval/birds_motherbird_b2048_r48000_z16/office_quiet_clicking_seg002__birds_motherbird_b2048_r48000_z16.wav,-6.497834571303236,0.04092926063782297
birds_motherbird_b2048_r48000_z16,office_quiet_clicking_seg003__birds_motherbird_b2048_r48000_z16,/home/shruti/rave-biophilic-sound-engine/data/test/transformed_eval/birds_motherbird_b2048_r48000_z16/office_quiet_clicking_seg003__birds_motherbird_b2048_r48000_z16.wav,-6.554030192522106,0.6210200172678382
birds_motherbird_b2048_r48000_z16,office_quiet_clicking_seg004__birds_motherbird_b2048_r48000_z16,/home/shruti/rave-biophilic-sound-engine/data/test/transformed_eval/birds_motherbird_b2048_r48000_z16/office_quiet_clicking_seg004__birds_motherbird_b2048_r48000_z16.wav,-5.41701595666615,0.34043181547576984
birds_motherbird_b2048_r48000_z16,office_quiet_clicking_seg005__birds_motherbird_b2048_r48000_z16,/home/shruti/rave-biophilic-sound-engine/data/test/transformed_eval/birds_motherbird_b2048_r48000_z16/office_quiet_clicking_seg005__birds_motherbird_b2048_r48000_z16.wav,-3.974687936802231,0.405939848363833
birds_motherbird_b2048_r48000_z16,office_quiet_seg000__birds_motherbird_b2048_r48000_z16,/home/shruti/rave-biophilic-sound-engine/data/test/transformed_eval/birds_motherbird_b2048_r48000_z16/office_quiet_seg000__birds_motherbird_b2048_r48000_z16.wav,-7.187782973826724,-0.5364793031429982
birds_motherbird_b2048_r48000_z16,office_quiet_seg001__birds_motherbird_b2048_r48000_z16,/home/shruti/rave-biophilic-sound-engine/data/test/transformed_eval/birds_motherbird_b2048_r48000_z16/office_quiet_seg001__birds_motherbird_b2048_r48000_z16.wav,-7.147314308813549,-0.4882551301549355
birds_motherbird_b2048_r48000_z16,office_quiet_seg002__birds_motherbird_b2048_r48000_z16,/home/shruti/rave-biophilic-sound-engine/data/test/transformed_eval/birds_motherbird_b2048_r48000_z16/office_quiet_seg002__birds_motherbird_b2048_r48000_z16.wav,-6.5491887975324845,-0.37774054465038215
birds_motherbird_b2048_r48000_z16,office_quiet_seg003__birds_motherbird_b2048_r48000_z16,/home/shruti/rave-biophilic-sound-engine/data/test/transformed_eval/birds_motherbird_b2048_r48000_z16/office_quiet_seg003__birds_motherbird_b2048_r48000_z16.wav,-6.426183853501196,-0.32729397840948804
birds_motherbird_b2048_r48000_z16,office_quiet_seg004__birds_motherbird_b2048_r48000_z16,/home/shruti/rave-biophilic-sound-engine/data/test/transformed_eval/birds_motherbird_b2048_r48000_z16/office_quiet_seg004__birds_motherbird_b2048_r48000_z16.wav,-7.111358229865324,-0.28846906771207764
birds_motherbird_b2048_r48000_z16,office_quiet_seg005__birds_motherbird_b2048_r48000_z16,/home/shruti/rave-biophilic-sound-engine/data/test/transformed_eval/birds_motherbird_b2048_r48000_z16/office_quiet_seg005__birds_motherbird_b2048_r48000_z16.wav,-7.000246509288708,-0.43880186357664547
birds_motherbird_b2048_r48000_z16,office_talking_seg000__birds_motherbird_b2048_r48000_z16,/home/shruti/rave-biophilic-sound-engine/data/test/transformed_eval/birds_motherbird_b2048_r48000_z16/office_talking_seg000__birds_motherbird_b2048_r48000_z16.wav,-2.9130060782375566,0.857259518657322
birds_motherbird_b2048_r48000_z16,office_talking_seg001__birds_motherbird_b2048_r48000_z16,/home/shruti/rave-biophilic-sound-engine/data/test/transformed_eval/birds_motherbird_b2048_r48000_z16/office_talking_seg001__birds_motherbird_b2048_r48000_z16.wav,-2.4918619833620834,1.0022108232708482
birds_motherbird_b2048_r48000_z16,office_talking_seg002__birds_motherbird_b2048_r48000_z16,/home/shruti/rave-biophilic-sound-engine/data/test/transformed_eval/birds_motherbird_b2048_r48000_z16/office_talking_seg002__birds_motherbird_b2048_r48000_z16.wav,-1.6391268271033017,1.4652715370341107
birds_motherbird_b2048_r48000_z16,office_talking_seg003__birds_motherbird_b2048_r48000_z16,/home/shruti/rave-biophilic-sound-engine/data/test/transformed_eval/birds_motherbird_b2048_r48000_z16/office_talking_seg003__birds_motherbird_b2048_r48000_z16.wav,-1.5037556863302002,1.939705722998339
birds_motherbird_b2048_r48000_z16,office_talking_seg004__birds_motherbird_b2048_r48000_z16,/home/shruti/rave-biophilic-sound-engine/data/test/transformed_eval/birds_motherbird_b2048_r48000_z16/office_talking_seg004__birds_motherbird_b2048_r48000_z16.wav,-0.6609016871117335,0.9297553535051816
birds_motherbird_b2048_r48000_z16,office_talking_seg005__birds_motherbird_b2048_r48000_z16,/home/shruti/rave-biophilic-sound-engine/data/test/transformed_eval/birds_motherbird_b2048_r48000_z16/office_talking_seg005__birds_motherbird_b2048_r48000_z16.wav,-1.3824235311004376,0.8486935465205582
birds_pluma_b2048_r48000_z12,office_ambient_talking_2_seg000__birds_pluma_b2048_r48000_z12,/home/shruti/rave-biophilic-sound-engine/data/test/transformed_eval/birds_pluma_b2048_r48000_z12/office_ambient_talking_2_seg000__birds_pluma_b2048_r48000_z12.wav,0.594128024489921,8.08547431095199
birds_pluma_b2048_r48000_z12,office_ambient_talking_2_seg001__birds_pluma_b2048_r48000_z12,/home/shruti/rave-biophilic-sound-engine/data/test/transformed_eval/birds_pluma_b2048_r48000_z12/office_ambient_talking_2_seg001__birds_pluma_b2048_r48000_z12.wav,0.25290602631290693,3.242510541662355
birds_pluma_b2048_r48000_z12,office_ambient_talking_2_seg002__birds_pluma_b2048_r48000_z12,/home/shruti/rave-biophilic-sound-engine/data/test/transformed_eval/birds_pluma_b2048_r48000_z12/office_ambient_talking_2_seg002__birds_pluma_b2048_r48000_z12.wav,-3.013290933707984,-2.28168383285996
birds_pluma_b2048_r48000_z12,office_ambient_talking_2_seg003__birds_pluma_b2048_r48000_z12,/home/shruti/rave-biophilic-sound-engine/data/test/transformed_eval/birds_pluma_b2048_r48000_z12/office_ambient_talking_2_seg003__birds_pluma_b2048_r48000_z12.wav,-3.6331670130851306,-2.4696425701350084
birds_pluma_b2048_r48000_z12,office_ambient_talking_2_seg004__birds_pluma_b2048_r48000_z12,/home/shruti/rave-biophilic-sound-engine/data/test/transformed_eval/birds_pluma_b2048_r48000_z12/office_ambient_talking_2_seg004__birds_pluma_b2048_r48000_z12.wav,-3.3142926446980896,-2.3779824670744047
birds_pluma_b2048_r48000_z12,office_ambient_talking_2_seg005__birds_pluma_b2048_r48000_z12,/home/shruti/rave-biophilic-sound-engine/data/test/transformed_eval/birds_pluma_b2048_r48000_z12/office_ambient_talking_2_seg005__birds_pluma_b2048_r48000_z12.wav,-2.9811122155469443,-2.2288218745927604
birds_pluma_b2048_r48000_z12,office_ambient_talking_seg000__birds_pluma_b2048_r48000_z12,/home/shruti/rave-biophilic-sound-engine/data/test/transformed_eval/birds_pluma_b2048_r48000_z12/office_ambient_talking_seg000__birds_pluma_b2048_r48000_z12.wav,-4.102387830781014,5.201660886937563
birds_pluma_b2048_r48000_z12,office_ambient_talking_seg001__birds_pluma_b2048_r48000_z12,/home/shruti/rave-biophilic-sound-engine/data/test/transformed_eval/birds_pluma_b2048_r48000_z12/office_ambient_talking_seg001__birds_pluma_b2048_r48000_z12.wav,-3.376587982125429,5.104342398470449
birds_pluma_b2048_r48000_z12,office_ambient_talking_seg002__birds_pluma_b2048_r48000_z12,/home/shruti/rave-biophilic-sound-engine/data/test/transformed_eval/birds_pluma_b2048_r48000_z12/office_ambient_talking_seg002__birds_pluma_b2048_r48000_z12.wav,-3.822322646135511,5.305292024382391
birds_pluma_b2048_r48000_z12,office_ambient_talking_seg003__birds_pluma_b2048_r48000_z12,/home/shruti/rave-biophilic-sound-engine/data/test/transformed_eval/birds_pluma_b2048_r48000_z12/office_ambient_talking_seg003__birds_pluma_b2048_r48000_z12.wav,-3.1567782762876373,5.1435536096691195
birds_pluma_b2048_r48000_z12,office_ambient_talking_seg004__birds_pluma_b2048_r48000_z12,/home/shruti/rave-biophilic-sound-engine/data/test/transformed_eval/birds_pluma_b2048_r48000_z12/office_ambient_talking_seg004__birds_pluma_b2048_r48000_z12.wav,-3.2985006429355996,5.011560484987717
birds_pluma_b2048_r48000_z12,office_ambient_talking_seg005__birds_pluma_b2048_r48000_z12,/home/shruti/rave-biophilic-sound-engine/data/test/transformed_eval/birds_pluma_b2048_r48000_z12/office_ambient_talking_seg005__birds_pluma_b2048_r48000_z12.wav,-2.048379516614831,4.957666911196691
birds_pluma_b2048_r48000_z12,office_keyboard_seg000__birds_pluma_b2048_r48000_z12,/home/shruti/rave-biophilic-sound-engine/data/test/transformed_eval/birds_pluma_b2048_r48000_z12/office_keyboard_seg000__birds_pluma_b2048_r48000_z12.wav,-0.5303205523897672,5.03432520035832
birds_pluma_b2048_r48000_z12,office_keyboard_seg001__birds_pluma_b2048_r48000_z12,/home/shruti/rave-biophilic-sound-engine/data/test/transformed_eval/birds_pluma_b2048_r48000_z12/office_keyboard_seg001__birds_pluma_b2048_r48000_z12.wav,-0.41742994188825655,5.22824896147185
birds_pluma_b2048_r48000_z12,office_keyboard_seg002__birds_pluma_b2048_r48000_z12,/home/shruti/rave-biophilic-sound-engine/data/test/transformed_eval/birds_pluma_b2048_r48000_z12/office_keyboard_seg002__birds_pluma_b2048_r48000_z12.wav,-2.5829012607859965,5.125258806426404
birds_pluma_b2048_r48000_z12,office_keyboard_seg003__birds_pluma_b2048_r48000_z12,/home/shruti/rave-biophilic-sound-engine/data/test/transformed_eval/birds_pluma_b2048_r48000_z12/office_keyboard_seg003__birds_pluma_b2048_r48000_z12.wav,-2.8303312058472363,4.87916602737086
birds_pluma_b2048_r48000_z12,office_keyboard_seg004__birds_pluma_b2048_r48000_z12,/home/shruti/rave-biophilic-sound-engine/data/test/transformed_eval/birds_pluma_b2048_r48000_z12/office_keyboard_seg004__birds_pluma_b2048_r48000_z12.wav,-2.516888033270071,4.309457096764873
birds_pluma_b2048_r48000_z12,office_keyboard_seg005__birds_pluma_b2048_r48000_z12,/home/shruti/rave-biophilic-sound-engine/data/test/transformed_eval/birds_pluma_b2048_r48000_z12/office_keyboard_seg005__birds_pluma_b2048_r48000_z12.wav,-4.1638526219009675,5.170164515260302
birds_pluma_b2048_r48000_z12,office_quiet_clicking_seg000__birds_pluma_b2048_r48000_z12,/home/shruti/rave-biophilic-sound-engine/data/test/transformed_eval/birds_pluma_b2048_r48000_z12/office_quiet_clicking_seg000__birds_pluma_b2048_r48000_z12.wav,-4.16412445105129,5.182745624385565
birds_pluma_b2048_r48000_z12,office_quiet_clicking_seg001__birds_pluma_b2048_r48000_z12,/home/shruti/rave-biophilic-sound-engine/data/test/transformed_eval/birds_pluma_b2048_r48000_z12/office_quiet_clicking_seg001__birds_pluma_b2048_r48000_z12.wav,-3.7069042764999742,5.074434899712533
birds_pluma_b2048_r48000_z12,office_quiet_clicking_seg002__birds_pluma_b2048_r48000_z12,/home/shruti/rave-biophilic-sound-engine/data/test/transformed_eval/birds_pluma_b2048_r48000_z12/office_quiet_clicking_seg002__birds_pluma_b2048_r48000_z12.wav,-4.3352724272073475,5.210865681561445
birds_pluma_b2048_r48000_z12,office_quiet_clicking_seg003__birds_pluma_b2048_r48000_z12,/home/shruti/rave-biophilic-sound-engine/data/test/transformed_eval/birds_pluma_b2048_r48000_z12/office_quiet_clicking_seg003__birds_pluma_b2048_r48000_z12.wav,-3.369702651334078,4.210793996724397
birds_pluma_b2048_r48000_z12,office_quiet_clicking_seg004__birds_pluma_b2048_r48000_z12,/home/shruti/rave-biophilic-sound-engine/data/test/transformed_eval/birds_pluma_b2048_r48000_z12/office_quiet_clicking_seg004__birds_pluma_b2048_r48000_z12.wav,-3.6328456983780564,5.213570967133702
birds_pluma_b2048_r48000_z12,office_quiet_clicking_seg005__birds_pluma_b2048_r48000_z12,/home/shruti/rave-biophilic-sound-engine/data/test/transformed_eval/birds_pluma_b2048_r48000_z12/office_quiet_clicking_seg005__birds_pluma_b2048_r48000_z12.wav,-2.620763778203848,5.4404228217305475
birds_pluma_b2048_r48000_z12,office_quiet_seg000__birds_pluma_b2048_r48000_z12,/home/shruti/rave-biophilic-sound-engine/data/test/transformed_eval/birds_pluma_b2048_r48000_z12/office_quiet_seg000__birds_pluma_b2048_r48000_z12.wav,-4.201795898249105,4.846444929431991
birds_pluma_b2048_r48000_z12,office_quiet_seg001__birds_pluma_b2048_r48000_z12,/home/shruti/rave-biophilic-sound-engine/data/test/transformed_eval/birds_pluma_b2048_r48000_z12/office_quiet_seg001__birds_pluma_b2048_r48000_z12.wav,-4.4809520527564795,4.93039563146584
birds_pluma_b2048_r48000_z12,office_quiet_seg002__birds_pluma_b2048_r48000_z12,/home/shruti/rave-biophilic-sound-engine/data/test/transformed_eval/birds_pluma_b2048_r48000_z12/office_quiet_seg002__birds_pluma_b2048_r48000_z12.wav,-4.290684996970101,5.182544884505582
birds_pluma_b2048_r48000_z12,office_quiet_seg003__birds_pluma_b2048_r48000_z12,/home/shruti/rave-biophilic-sound-engine/data/test/transformed_eval/birds_pluma_b2048_r48000_z12/office_quiet_seg003__birds_pluma_b2048_r48000_z12.wav,-4.263351242383602,5.130052147811102
birds_pluma_b2048_r48000_z12,office_quiet_seg004__birds_pluma_b2048_r48000_z12,/home/shruti/rave-biophilic-sound-engine/data/test/transformed_eval/birds_pluma_b2048_r48000_z12/office_quiet_seg004__birds_pluma_b2048_r48000_z12.wav,-3.7928132916415764,4.673225871629584
birds_pluma_b2048_r48000_z12,office_quiet_seg005__birds_pluma_b2048_r48000_z12,/home/shruti/rave-biophilic-sound-engine/data/test/transformed_eval/birds_pluma_b2048_r48000_z12/office_quiet_seg005__birds_pluma_b2048_r48000_z12.wav,-4.156787084262843,5.313173948205532
birds_pluma_b2048_r48000_z12,office_talking_seg000__birds_pluma_b2048_r48000_z12,/home/shruti/rave-biophilic-sound-engine/data/test/transformed_eval/birds_pluma_b2048_r48000_z12/office_talking_seg000__birds_pluma_b2048_r48000_z12.wav,-1.0653017670800353,4.885371156011001
birds_pluma_b2048_r48000_z12,office_talking_seg001__birds_pluma_b2048_r48000_z12,/home/shruti/rave-biophilic-sound-engine/data/test/transformed_eval/birds_pluma_b2048_r48000_z12/office_talking_seg001__birds_pluma_b2048_r48000_z12.wav,-1.2819001009295488,4.468448704044896
birds_pluma_b2048_r48000_z12,office_talking_seg002__birds_pluma_b2048_r48000_z12,/home/shruti/rave-biophilic-sound-engine/data/test/transformed_eval/birds_pluma_b2048_r48000_z12/office_talking_seg002__birds_pluma_b2048_r48000_z12.wav,-0.16900115820166198,5.145248141869895
birds_pluma_b2048_r48000_z12,office_talking_seg003__birds_pluma_b2048_r48000_z12,/home/shruti/rave-biophilic-sound-engine/data/test/transformed_eval/birds_pluma_b2048_r48000_z12/office_talking_seg003__birds_pluma_b2048_r48000_z12.wav,-0.9790587299579753,5.943981805179132
birds_pluma_b2048_r48000_z12,office_talking_seg004__birds_pluma_b2048_r48000_z12,/home/shruti/rave-biophilic-sound-engine/data/test/transformed_eval/birds_pluma_b2048_r48000_z12/office_talking_seg004__birds_pluma_b2048_r48000_z12.wav,0.952327809630804,3.4151347202870777
birds_pluma_b2048_r48000_z12,office_talking_seg005__birds_pluma_b2048_r48000_z12,/home/shruti/rave-biophilic-sound-engine/data/test/transformed_eval/birds_pluma_b2048_r48000_z12/office_talking_seg005__birds_pluma_b2048_r48000_z12.wav,-2.112107598903607,3.0997024420007206
